Race/Ethnicity,Enrollment,% of Total
American Indian or Alaskan Native,2077.1734450000013,0.1%
Asian,43689.759642999954,2.6%
"Black, Non-Hispanic",281767.04457999807,16.5%
Hispanic,108826.80254099988,6.4%
Multiracial,97544.05007600022,5.7%
Pacific Islander,1570.9242450000006,0.1%
"White, Non-Hispanic",1177311.9438489866,68.7%
